Average Linear Utility,Average Maximum Utility,Average Polarized Winner,Least Polarized Winner,Most Blocking Loser,Most Polarized Winner,Nash Product Welfare,Variance Linear Utility,Variance Maximum Utility,Variance Polarized Winner,hpuid,methodname,numwinners,stratpct
2.7884726190476194,0.8750230158730158,0.1288215155004278,0.11689000476538977,0.11,0.1375976066313265,1.114313672337922,1.2535695387059553,0.01210325190246924,5.6317074080201286e-5,923467982958337280,SDV,5,0.8372882102022607
2.493590873015873,0.8923472222222222,0.12157302199058713,0.059368742742142995,0.0,0.1415691406391893,1.0783867650608152,0.2912071663507175,0.010126828306916113,0.0012239508172003119,923467982958337280,SSQ,5,0.8372882102022607
2.2155123015873017,0.8838617063492064,0.1114447730415031,0.059368742742142995,0.0,0.1415691406391893,0.9926276863093415,0.09547450938227366,0.009572982291055769,0.0011333060517835153,923467982958337280,AS,5,0.8372882102022607
2.694516468253968,0.8943988095238095,0.1310916485231073,0.10329910694891412,0.1525,0.14171431348071206,1.089971336603426,1.1054346834474416,0.01348074890541138,0.00024685842485820073,923467982958337280,STV,5,0.8372882102022607
2.7884726190476194,0.8750230158730158,0.1288215155004278,0.11689000476538977,0.11,0.1375976066313265,1.114313672337922,1.2535695387059553,0.01210325190246924,5.6317074080201286e-5,923467982958337280,SSS,5,0.8372882102022607
2.7558888888888893,0.8847392857142856,0.13474154052859447,0.12882133603586876,0.17,0.146490129906223,1.1082515488861788,1.1627969892290564,0.011835760118500918,5.496345031263818e-5,923467982958337280,MES_ExMQ,5,0.8372882102022607
2.7558888888888893,0.8847392857142856,0.13474154052859447,0.12882133603586876,0.17,0.146490129906223,1.1082515488861788,1.1627969892290564,0.011835760118500918,5.496345031263818e-5,923467982958337280,MES_ExLR,5,0.8372882102022607
2.3115996031746033,0.9010928571428568,0.17199482977021713,0.1452908897440894,0.0,0.19619474362681322,1.023967992070721,0.15772573024969908,0.008800333727584377,0.0005561470823531437,1334392192784659456,SDV,5,0.33157092913999264
2.3169140873015874,0.8980511904761902,0.1689503174304698,0.1452908897440894,0.0,0.19461067785703764,1.0247871608776793,0.17404898480163336,0.008733344859473071,0.00041830001839443916,1334392192784659456,SSQ,5,0.33157092913999264
2.3115996031746033,0.9010928571428568,0.1719948297702171,0.1452908897440894,0.0,0.19619474362681322,1.023967992070721,0.15772573024969905,0.008800333727584377,0.0005561470823531438,1334392192784659456,AS,5,0.33157092913999264
2.269953373015873,0.9286156746031743,0.17706001059720625,0.1452908897440894,0.0,0.19619474362681322,1.0088374774363849,0.15412257002363455,0.006427443702285451,0.0004254679767451046,1334392192784659456,STV,5,0.33157092913999264
2.3115996031746033,0.9010928571428568,0.17199482977021713,0.1452908897440894,0.0,0.19619474362681322,1.023967992070721,0.15772573024969908,0.008800333727584377,0.0005561470823531437,1334392192784659456,SSS,5,0.33157092913999264
2.239708134920634,0.9220321428571424,0.1650676126527691,0.11264048811186737,0.0,0.19461067785703764,0.9985432850612397,0.1416310795136404,0.006392068161663349,0.0009664464357108101,1334392192784659456,MES_ExMQ,5,0.33157092913999264
2.400098015873016,0.8639599206349204,0.15751750581767643,0.1452908897440894,0.48,0.1722377733771144,0.9658806309481774,1.3926985494496742,0.009723604237083268,0.0001321845563194237,1334392192784659456,MES_ExLR,5,0.33157092913999264
1.8272769841269842,0.7820833333333334,0.11209554290550731,0.08218218095879481,0.4075,0.13557439025619514,0.7804401683538607,0.49673429234080374,0.0664829477128335,0.00046680407992516357,1223131024499586560,SDV,5,0.08757164558732622
1.8686803571428572,0.7312988095238095,0.11386902209659411,0.08218218095879481,0.5025,0.13557439025619514,0.7591880379141467,0.8784336289695852,0.07994655599262845,0.0003841735112920075,1223131024499586560,SSQ,5,0.08757164558732622
1.8372259920634924,0.7772220238095239,0.12337547635630457,0.09779980176911332,0.4075,0.13864062638146993,0.7557986566947537,0.7899155248463471,0.07046696913897708,0.00025988353048870237,1223131024499586560,AS,5,0.08757164558732622
1.7869428571428572,0.7946785714285713,0.1247018537409452,0.09754527507734562,0.4075,0.1486433037374066,0.7402904770770193,0.7197300823162904,0.0656531755264127,0.00036769122490501807,1223131024499586560,STV,5,0.08757164558732622
1.8056271825396826,0.7933898809523809,0.11224399675997769,0.08218218095879481,0.4075,0.13557439025619514,0.7765689316438268,0.43786484825931327,0.06352304147062038,0.00046160862797417783,1223131024499586560,SSS,5,0.08757164558732622
1.903377976190476,0.5369029761904761,0.12107974711676354,0.08218218095879481,1.6325,0.13864062638146993,0.6343175479612124,2.5418377951327247,0.14105372421656637,0.0005642806942939621,1223131024499586560,MES_ExMQ,5,0.08757164558732622
1.8749458333333333,0.6474583333333332,0.12507888537770875,0.11444551706972,1.0,0.13864062638146993,0.7009578846216072,1.3773586637214665,0.12063230626005247,0.00012431130196127808,1223131024499586560,MES_ExLR,5,0.08757164558732622
2.3560017857142856,0.899520833333333,0.15818143982811986,0.13323264099134316,0.0,0.16841911313366442,1.0395392098166398,0.16206700540994703,0.00794904183065172,0.00022257941365637723,506524101772466624,SDV,5,0.723827148352123
2.3567238095238094,0.9002452380952379,0.16376740319522007,0.15531443086055496,0.0,0.17043346205096596,1.037915942245199,0.19117494276616756,0.008347656770562147,3.952417512141607e-5,506524101772466624,SSQ,5,0.723827148352123
2.3580934523809525,0.9080922619047617,0.1631531463381209,0.15531443086055496,0.0,0.17043346205096596,1.03718826133424,0.20437296014468403,0.00807152654239534,4.850431552872418e-5,506524101772466624,AS,5,0.723827148352123
2.2981261904761903,0.9274690476190475,0.16756558718730113,0.15012082888063932,0.0,0.17689633726160134,1.0161628777283809,0.194787652505391,0.007920775189181889,0.00010424742416059355,506524101772466624,STV,5,0.723827148352123
2.3560017857142856,0.899520833333333,0.15818143982811986,0.13323264099134316,0.0,0.16841911313366442,1.0395392098166398,0.16206700540994703,0.00794904183065172,0.00022257941365637723,506524101772466624,SSS,5,0.723827148352123
2.271872619047619,0.9132672619047618,0.1554652827928987,0.09583036623151427,0.0,0.17689633726160134,1.0105067070088398,0.13327369448754986,0.00905458486010295,0.0011267321850107787,506524101772466624,MES_ExMQ,5,0.723827148352123
2.2877625,0.8965648809523807,0.1569188674016005,0.09583036623151427,0.0,0.17689633726160134,1.0164850079862895,0.1296253489269436,0.010916745773326004,0.0011887650007107568,506524101772466624,MES_ExLR,5,0.723827148352123
2.5999214285714287,0.8752605158730157,0.09985467220907317,0.08223339634654193,0.015,0.11288639320274267,1.0841526207778087,0.7489040137346327,0.012458849812243928,0.00015760577032166248,1509866178949045760,SDV,5,0.9932384579019309
2.593026785714286,0.8725819444444444,0.10035151517334788,0.08223339634654193,0.0325,0.11288639320274267,1.0813096083596512,0.7572374067708691,0.01231524378303884,0.00015049273832451696,1509866178949045760,SSQ,5,0.9932384579019309
1.8945146825396824,0.8315194444444444,0.11198973192906292,0.08223339634654193,0.0025,0.1383481498314035,0.8416260533194589,0.39000179915968924,0.01797870148840481,0.0007200029184187348,1509866178949045760,AS,5,0.9932384579019309
2.6165769841269846,0.866999603174603,0.0961234067595652,0.08223339634654193,0.0,0.12819680575973916,1.097260784635259,0.6494096646654139,0.012367881326497208,0.0003479159717941508,1509866178949045760,STV,5,0.9932384579019309
2.625662896825397,0.8602724206349205,0.0935241922593241,0.08223339634654193,0.0,0.11288639320274267,1.0974668813510118,0.6880476939984463,0.01248375346935089,0.00015062160500102872,1509866178949045760,SSS,5,0.9932384579019309
2.978977182539683,0.6447339285714285,0.09861529326638153,0.09313440262443518,1.0925,0.11003561350840292,1.0919217911848162,2.400174856890803,0.1100225850405913,5.081487440783094e-5,1509866178949045760,MES_ExMQ,5,0.9932384579019309
2.8460541666666677,0.6424839285714286,0.10039401318989838,0.09313440262443518,1.0925,0.11892921312598709,1.0421714453063164,2.3684037666836297,0.10905440736237203,0.00011741797510797458,1509866178949045760,MES_ExLR,5,0.9932384579019309
2.5536986111111113,0.7864670634920633,0.10267168917566147,0.09384001956193518,0.1425,0.10803869501325213,1.0375520491501662,1.3152493098684248,0.056965799035666696,3.000483606968482e-5,633964685484769792,SDV,5,0.001116372162243695
2.7174388888888887,0.6462599206349208,0.09882070542929251,0.08533596040130802,0.88,0.10803869501325213,1.0110035425054684,2.283148634988318,0.10999207801415829,8.567829181244015e-5,633964685484769792,SSQ,5,0.001116372162243695
2.371567857142857,0.8685706349206348,0.1027899575380409,0.0927053656330244,0.2,0.10803869501325213,0.9906823522073369,0.8764284239308808,0.036104121315507845,3.8493442606040366e-5,633964685484769792,AS,5,0.001116372162243695
2.404275,0.8397287698412697,0.09700849683447482,0.08345135606919106,0.1375,0.10803869501325213,1.00960640254803,0.844565972906931,0.04373594471204956,0.0001392909318961115,633964685484769792,STV,5,0.001116372162243695
2.5002180555555555,0.8233087301587302,0.10244475838987932,0.0927053656330244,0.2,0.10803869501325213,1.0301388049228872,1.0630706915484938,0.044876597620427755,3.52727682903916e-5,633964685484769792,SSS,5,0.001116372162243695
2.2961466269841266,0.6753480158730159,0.09163169265535545,0.049390896531622784,0.8975,0.10803869501325213,0.8907123741199994,1.4591091304485941,0.10144280707861492,0.0005864428257802519,633964685484769792,MES_ExMQ,5,0.001116372162243695
2.2961466269841266,0.6753480158730159,0.09163169265535545,0.049390896531622784,0.8975,0.10803869501325213,0.8907123741199994,1.4591091304485941,0.10144280707861492,0.0005864428257802519,633964685484769792,MES_ExLR,5,0.001116372162243695
2.5259210317460314,0.8189037698412698,0.112680031165211,0.09904443470912676,0.3825,0.1292739342066079,1.0311033727658991,1.1313000015312205,0.057721231347241726,0.0001899516504120303,585246742722741504,SDV,5,0.060952476744496886
2.6984202380952373,0.6174970238095239,0.11246109395832335,0.09904443470912676,0.755,0.1281792481721697,0.9932434138524929,2.6814762175492826,0.13516693452290354,0.00018110876095670965,585246742722741504,SSQ,5,0.060952476744496886
2.504639880952381,0.8381795634920635,0.12125129152807856,0.10124382335375143,0.4875,0.14855193660286783,1.021886110373292,1.1195488938636222,0.05797070829187428,0.00032920947841649296,585246742722741504,AS,5,0.060952476744496886
2.4842878968253967,0.8331650793650793,0.11869830820527265,0.10124382335375143,0.485,0.1292739342066079,1.0118997895661246,1.1681897102604193,0.05957411910540806,0.00011891545075176624,585246742722741504,STV,5,0.060952476744496886
2.5167863095238094,0.829030753968254,0.11664534592482842,0.09904443470912676,0.385,0.1491005080046951,1.0302970351477125,1.0800669794455287,0.05744457446878985,0.00043307037775050956,585246742722741504,SSS,5,0.060952476744496886
2.6984202380952373,0.6174970238095239,0.11246109395832335,0.09904443470912676,0.7575,0.1281792481721697,0.9932434138524929,2.6814762175492826,0.13516693452290354,0.00018110876095670965,585246742722741504,MES_ExMQ,5,0.060952476744496886
2.6138162698412697,0.6197771825396825,0.11096696428691169,0.09904443470912676,1.0,0.1281792481721697,0.9615133818209949,2.570463437896669,0.1375914822518575,0.00020594159353517146,585246742722741504,MES_ExLR,5,0.060952476744496886
1.897709722222222,0.9064071428571426,0.17816019143438094,0.13982807871796193,0.3325,0.19907188791292696,0.7936314034339864,0.8073303522017604,0.01657993863459822,0.0007933804905771652,1240967788837253888,SDV,5,0.024021135561674845
2.3998839285714286,0.5026378968253968,0.1968042199492052,0.19187508278815008,1.695,0.19907188791292696,0.5971665138629796,4.8957279143388375,0.21616129749237037,8.244166747084642e-6,1240967788837253888,SSQ,5,0.024021135561674845
2.1636432539682535,0.7113357142857142,0.1896493336266899,0.1561006511755736,1.14,0.19907188791292696,0.6956508628650819,2.5320369664296427,0.15347613931115225,0.0003523746983262548,1240967788837253888,AS,5,0.024021135561674845
1.8682999999999996,0.9238297619047616,0.17378196143790275,0.13982807871796193,0.3325,0.19722369038749038,0.7847788723948033,0.7517875335916886,0.016758676705290146,0.0006031483659015413,1240967788837253888,STV,5,0.024021135561674845
1.897709722222222,0.9064071428571426,0.17816019143438094,0.13982807871796193,0.3325,0.19907188791292696,0.7936314034339864,0.8073303522017604,0.01657993863459822,0.0007933804905771652,1240967788837253888,SSS,5,0.024021135561674845
2.0159027777777774,0.6864781746031747,0.16927857942419183,0.13107215641314607,1.38,0.19907188791292696,0.6772758538990896,2.2207028289552624,0.15659596527524913,0.0010207588565395794,1240967788837253888,MES_ExMQ,5,0.024021135561674845
2.2382460317460318,0.49440178571428567,0.17524695323537304,0.14068126944924805,1.695,0.19907188791292696,0.5570837919011619,4.291128601684313,0.20891434961366895,0.0009961130457222568,1240967788837253888,MES_ExLR,5,0.024021135561674845
2.8954283730158727,0.8644884920634918,0.11963811321128097,0.10370763850175119,0.415,0.12577637695134888,1.1429285630120254,1.2185504620192045,0.012570959024328223,8.549677411493536e-5,494312048904701696,SDV,5,0.9120420248719145
2.870001984126984,0.8888565476190474,0.11976726890093763,0.10370763850175119,0.415,0.12577637695134888,1.1358689460924516,1.1877420980859221,0.011972863456443205,8.410137457278884e-5,494312048904701696,SSQ,5,0.9120420248719145
1.9373390873015872,0.8817444444444443,0.11376664671909051,0.09255279600208108,0.0,0.1285994875491096,0.8799050336060094,0.13785654457515825,0.010115113141100652,0.0002299746379489577,494312048904701696,AS,5,0.9120420248719145
2.8545269841269847,0.8879567460317458,0.12473851345295035,0.11938500451563497,0.3225,0.1285994875491096,1.137255426194055,1.114814426383008,0.011346942714081912,1.1213979363178655e-5,494312048904701696,STV,5,0.9120420248719145
2.8954283730158727,0.8644884920634918,0.11963811321128097,0.10370763850175119,0.415,0.12577637695134888,1.1429285630120254,1.2185504620192045,0.012570959024328223,8.549677411493536e-5,494312048904701696,SSS,5,0.9120420248719145
2.8303845238095238,0.8636099206349204,0.11983026929550378,0.10067319271719355,0.5475,0.12577637695134888,1.1181465027858326,1.2233031898033606,0.018253764037315958,0.00011583044848396253,494312048904701696,MES_ExMQ,5,0.9120420248719145
1.8248623015873013,0.8426446428571426,0.11059888285815878,0.10067319271719355,0.0075,0.12577637695134888,0.8315381135980874,0.1470019734594874,0.01793315335857491,0.0001847654825697703,494312048904701696,MES_ExLR,5,0.9120420248719145
2.111266865079365,0.8578575396825397,0.10104221239053168,0.06871294424923315,0.01,0.14666742028858828,0.9447101834137548,0.20300901591570392,0.013789576571953146,0.0009837382611544625,1846989718275410176,SDV,5,0.22258423381026216
2.2304886904761907,0.703485119047619,0.08016586679571361,0.04228569231449784,0.15,0.10924874011079616,0.9571040086190636,0.6164671232548358,0.0658461054024351,0.000781628268337733,1846989718275410176,SSQ,5,0.22258423381026216
2.010989880952381,0.8632613095238093,0.10958388445867713,0.0666116691225431,0.0225,0.15405837557821328,0.9037932557956829,0.20927340909207284,0.014466632465538313,0.0016134498572788602,1846989718275410176,AS,5,0.22258423381026216
2.0305724206349205,0.9087815476190475,0.11243751889648687,0.06871294424923315,0.0,0.1683183378599968,0.9175451236582474,0.13613803448299955,0.00785786549260867,0.0016337238549928455,1846989718275410176,STV,5,0.22258423381026216
2.112916666666667,0.8514795634920634,0.09949880007484532,0.0666116691225431,0.0125,0.14666742028858828,0.9445110943264429,0.21523494795709777,0.015149482776748347,0.0010987236606218355,1846989718275410176,SSS,5,0.22258423381026216
2.142248015873015,0.6914654761904763,0.08641191848528823,0.0666116691225431,0.145,0.14982593282307408,0.9151417174333928,0.7865922623025738,0.07330035828430088,0.0012800909731246113,1846989718275410176,MES_ExMQ,5,0.22258423381026216
1.9750238095238097,0.670129365079365,0.10173292913416268,0.0666116691225431,0.5225,0.14982593282307408,0.8527416913644325,0.5515387892673975,0.0663010506456302,0.0019358498896711353,1846989718275410176,MES_ExLR,5,0.22258423381026216
1.6161396825396828,0.8697208333333333,0.11909840221238106,0.0759718750027177,0.0275,0.14807879663423926,0.7357638878705941,0.12447134272225553,0.01137522990957402,0.000949964790386834,701437241514622208,SDV,5,0.12151853461139028
1.6829722222222223,0.7312198412698415,0.11468382474280728,0.0759718750027177,0.6925,0.14807879663423926,0.7438783589102446,0.3026317586703405,0.0723237826276454,0.0009941640590680242,701437241514622208,SSQ,5,0.12151853461139028
1.6181013888888893,0.8944359126984126,0.11522422246973982,0.07908565997500983,0.095,0.14807879663423926,0.7329419255355323,0.15849463464091426,0.008604769290312512,0.0008190087666886943,701437241514622208,AS,5,0.12151853461139028
1.5922240079365078,0.9204472222222221,0.13426875558914347,0.07908565997500983,0.0975,0.17032035501527382,0.7207637227391265,0.15455698258548362,0.007278569095425773,0.0014259541513627712,701437241514622208,STV,5,0.12151853461139028
1.6265595238095238,0.9042980158730156,0.12604823426567466,0.07908565997500983,0.05,0.16074730030532403,0.7383300696317597,0.14879184082151936,0.008178908274841624,0.0011721703601987284,701437241514622208,SSS,5,0.12151853461139028
1.623651388888889,0.6414045634920637,0.10575278887142141,0.04699053639942767,1.0275,0.16630108568015434,0.6707078862224234,0.6987806015154447,0.0945081821018455,0.00292626780715938,701437241514622208,MES_ExMQ,5,0.12151853461139028
1.6107172619047618,0.6320027777777778,0.10457552919535004,0.04699053639942767,1.0725,0.1604147872997975,0.6648770431246358,0.6919806195368643,0.08986436519327311,0.0027549948381645935,701437241514622208,MES_ExLR,5,0.12151853461139028
2.718114880952381,0.8783587301587299,0.12039383980161691,0.05628260987762712,0.04,0.17131229696319422,1.129648363650897,0.6492077497632898,0.018352841812692693,0.0033624764292405117,16190503723047516,SDV,5,0.340462140499476
2.911810714285714,0.8665222222222219,0.13921070562834012,0.05628260987762712,0.3625,0.17131229696319422,1.1076878186347392,1.906326493719113,0.018943796744681236,0.0022310048642590645,16190503723047516,SSQ,5,0.340462140499476
2.919625595238095,0.8812484126984125,0.14702412497739956,0.05628260987762712,0.56,0.17131229696319422,1.0999750107043305,2.040234730004796,0.02026739630901365,0.0025774171639014573,16190503723047516,AS,5,0.340462140499476
2.591380952380952,0.9148049603174601,0.14141938078128258,0.09700561098604071,0.015,0.17131229696319422,1.0998057653464,0.4551243889455435,0.013168661416836853,0.0015286152046370014,16190503723047516,STV,5,0.340462140499476
2.7181148809523807,0.8783587301587299,0.12039383980161691,0.05628260987762712,0.04,0.17131229696319422,1.129648363650897,0.64920774976329,0.018352841812692693,0.0033624764292405117,16190503723047516,SSS,5,0.340462140499476
2.591019841269841,0.90952996031746,0.13087167622109427,0.05628260987762712,0.01,0.17131229696319422,1.0922733398186342,0.5798574682749537,0.009971164446507396,0.0029259578628255648,16190503723047516,MES_ExMQ,5,0.340462140499476
2.591019841269841,0.90952996031746,0.13087167622109427,0.05628260987762712,0.01,0.17131229696319422,1.0922733398186342,0.5798574682749537,0.009971164446507396,0.0029259578628255648,16190503723047516,MES_ExLR,5,0.340462140499476
2.245959722222222,0.8254563492063491,0.105117336485648,0.09717268607844956,0.7625,0.11498522363029434,0.9334856414851486,0.862841696509276,0.022742962325834105,4.9072396533391836e-5,1067263779475494016,SDV,5,0.906588882335042
2.241467063492064,0.8207061507936507,0.10386603322776593,0.06649440054982766,0.9825,0.1293486833601671,0.9136552973388548,1.0460860800126381,0.027529994885284344,0.0005510491019509528,1067263779475494016,SSQ,5,0.906588882335042
2.2257859126984125,0.8410763888888888,0.11034370264422493,0.10011212899970859,0.4,0.12330451687133406,0.9356285079502127,0.7867843667865286,0.01769624054338677,8.184278257621572e-5,1067263779475494016,AS,5,0.906588882335042
2.1968059523809527,0.8613196428571428,0.11218946843872617,0.09717268607844956,0.7625,0.14068237669540248,0.9145662138894035,0.8718302639287332,0.01966808869755959,0.0003008535722247573,1067263779475494016,STV,5,0.906588882335042
2.245959722222222,0.8254563492063491,0.105117336485648,0.09717268607844956,0.7625,0.11498522363029434,0.9334856414851486,0.862841696509276,0.022742962325834105,4.9072396533391836e-5,1067263779475494016,SSS,5,0.906588882335042
2.4526972222222225,0.6393908730158732,0.10612869264862024,0.10011212899970859,1.2325,0.11498522363029434,0.8232330798499841,2.225455813663792,0.1404573486628361,3.409942509535155e-5,1067263779475494016,MES_ExMQ,5,0.906588882335042
2.2321926587301597,0.7641140873015873,0.0964305280325269,0.06649440054982766,0.9825,0.10838972959883192,0.9125940976660502,1.0037221503088642,0.03097628706072456,0.0002896411712300599,1067263779475494016,MES_ExLR,5,0.906588882335042
2.2759003968253975,0.8745091269841269,0.09554595098539757,0.06305782556669491,0.0,0.13500311716196814,1.010541093614196,0.15645719222659327,0.012388535195885928,0.0008545704345527864,216814794157873440,SDV,5,0.18099133480963436
2.275136507936508,0.8718662698412696,0.09661469650785016,0.06840155317895785,0.0,0.13500311716196814,1.0104968941741932,0.15294525265026065,0.013029786717338253,0.0007734776730763072,216814794157873440,SSQ,5,0.18099133480963436
2.250079365079366,0.8817898809523809,0.09492750232229052,0.049070689279470635,0.0,0.14589801013365716,1.0016567803345067,0.14457842362854387,0.010998813416810117,0.0013748257249160062,216814794157873440,AS,5,0.18099133480963436
2.1651275793650804,0.913681349206349,0.12999401270225217,0.06840155317895785,0.0,0.155198678066515,0.973819557951027,0.09102499642643032,0.007930190446539725,0.0012384101600915525,216814794157873440,STV,5,0.18099133480963436
2.2751365079365082,0.8718662698412696,0.09661469650785018,0.06840155317895785,0.0,0.13500311716196814,1.0104968941741932,0.1529452526502606,0.013029786717338253,0.0007734776730763073,216814794157873440,SSS,5,0.18099133480963436
2.2728662698412694,0.7249728174603174,0.06751667598666113,0.0320458558478975,0.1325,0.14159724887446085,0.9700434366626041,0.6976911425716321,0.05715740772372673,0.0018963510879537343,216814794157873440,MES_ExMQ,5,0.18099133480963436
2.3008777777777776,0.7257263888888889,0.062053843457001844,0.03174732263082914,0.0725,0.10728564552731773,0.9858271763145067,0.6480983541115481,0.03984180893825438,0.0009946561147773632,216814794157873440,MES_ExLR,5,0.18099133480963436
2.8071867063492064,0.8321434523809523,0.10413839504525661,0.08091818653657896,0.3925,0.11180133585748374,1.1208293064622181,1.1788905989732315,0.021240413684063934,0.00017248619887281604,1621535679408417536,SDV,5,0.996480220838704
2.5580999999999996,0.8619920634920634,0.10036893007616492,0.038343892089303326,0.1225,0.13623369107062352,1.0808384740776382,0.5357601198016492,0.021040462219015784,0.0016727133379883267,1621535679408417536,SSQ,5,0.996480220838704
2.5191515873015873,0.8541482142857143,0.10306692328535454,0.08039458060080051,0.0275,0.13150969415546765,1.081110166324875,0.3602186838184776,0.021464634092958238,0.000487077996511224,1621535679408417536,AS,5,0.996480220838704
2.7744555555555563,0.8615593253968254,0.10903560390495382,0.09195237320348257,0.275,0.13150969415546765,1.1188149854096914,1.0789457259519153,0.018506144721666385,0.00022601038748780116,1621535679408417536,STV,5,0.996480220838704
2.811069246031746,0.852229761904762,0.10830220974373712,0.08091818653657896,0.405,0.13150969415546765,1.118963676418773,1.2195809039833831,0.02183777858931355,0.0003273785964272065,1621535679408417536,SSS,5,0.996480220838704
3.0406271825396827,0.6978968253968253,0.1188359000264257,0.11071081927644184,1.1075,0.13150969415546765,1.0523744780844995,2.8191087641515002,0.1388624023525998,8.35311115971959e-5,1621535679408417536,MES_ExMQ,5,0.996480220838704
2.9976738095238096,0.6876789682539681,0.12175742903391414,0.11180133585748374,1.165,0.13150969415546765,1.0271443619878522,2.8971759920896445,0.1376448385125733,6.686362255701851e-5,1621535679408417536,MES_ExLR,5,0.996480220838704
2.3572192460317463,0.8365789682539683,0.11944435053325198,0.10150589739377124,0.0,0.15261980905024833,1.0381313119442055,0.19183238073492367,0.01614133691294501,0.0004985065856219916,1419036749176003072,SDV,5,0.4147158411998614
2.350534722222222,0.8392373015873016,0.12016092791727655,0.10424155274754877,0.0,0.15261980905024833,1.0353605386520535,0.19795898401829873,0.01708401333382741,0.00046893827679812746,1419036749176003072,SSQ,5,0.4147158411998614
2.3572192460317463,0.8365789682539683,0.11944435053325198,0.10150589739377124,0.0,0.15261980905024833,1.0381313119442057,0.19183238073492362,0.01614133691294501,0.0004985065856219916,1419036749176003072,AS,5,0.4147158411998614
2.389783531746032,0.9129579365079364,0.12818624564405687,0.1052296241972949,0.0,0.1856722903048903,1.0136414484636977,0.6991724047224149,0.012049561610611314,0.0012229690564887702,1419036749176003072,STV,5,0.4147158411998614
2.349135714285714,0.8327337301587302,0.1201890958939567,0.10424155274754877,0.0,0.15261980905024833,1.0360819940458594,0.17927374091366663,0.016732782314406138,0.0004678808644988289,1419036749176003072,SSS,5,0.4147158411998614
2.2337081349206356,0.8620531746031748,0.11840627094943128,0.09423238557487361,0.0,0.1856722903048903,0.9656107207304003,0.5355622569756392,0.014495817467186594,0.0014350014266833226,1419036749176003072,MES_ExMQ,5,0.4147158411998614
2.493164285714286,0.8470126984126984,0.12060571867391554,0.10150589739377124,0.0,0.1856722903048903,1.048541387733359,0.7890455970495952,0.021180276648780427,0.001326266285199482,1419036749176003072,MES_ExLR,5,0.4147158411998614
3.2843928571428584,0.9083011904761904,0.082522775837607,0.05067247665641208,0.0,0.10095334071656012,1.2863534196128388,0.9688601782467204,0.012159712609989798,0.00038532235322616024,736226569211613440,SDV,5,0.6518572585803706
3.4768755952380954,0.803125,0.08439060435851428,0.034191953709280916,0.2475,0.10530706506172591,1.2874187681268932,1.920168606553489,0.0668078985283458,0.0008387956579134484,736226569211613440,SSQ,5,0.6518572585803706
2.9760083333333327,0.8911404761904762,0.08057199988869153,0.059792716651693195,0.0,0.09536353453228887,1.2359948601642379,0.21530735689698596,0.007952724429107983,0.00020414443115057313,736226569211613440,AS,5,0.6518572585803706
3.193229166666667,0.9271476190476191,0.09209189981250548,0.07948739951005833,0.0,0.10095334071656012,1.2700362775077265,0.7856187601223374,0.00812235707422872,8.121436770488947e-5,736226569211613440,STV,5,0.6518572585803706
3.2820196428571444,0.8811726190476188,0.07924889565963536,0.05067247665641208,0.0,0.09536353453228887,1.287833779607461,0.9353048332382604,0.010734323759101773,0.00030905267102376637,736226569211613440,SSS,5,0.6518572585803706
3.27747380952381,0.904320238095238,0.08624886728695982,0.059792716651693195,0.0,0.10095334071656012,1.28481256838402,0.9641361183936639,0.010394041066735187,0.00025169867841596714,736226569211613440,MES_ExMQ,5,0.6518572585803706
2.9927029761904755,0.9032369047619048,0.08040788726499022,0.059792716651693195,0.0,0.10095334071656012,1.2392638671629521,0.24572374867954108,0.010354192174034868,0.00038214543958513394,736226569211613440,MES_ExLR,5,0.6518572585803706
1.9928567460317461,0.7806944444444444,0.15586524942285013,0.1355072315193563,0.54,0.18412596633472794,0.8134951101633178,0.6099929436876097,0.09192436488148331,0.0004776800752151932,1440292012485013760,SDV,5,0.28677563544839346
1.9928567460317461,0.7806944444444444,0.15586524942285013,0.1355072315193563,0.54,0.18412596633472794,0.8134951101633178,0.6099929436876097,0.09192436488148331,0.0004776800752151932,1440292012485013760,SSQ,5,0.28677563544839346
1.9588742063492064,0.7806390873015874,0.16144456209808417,0.13914700096316115,0.54,0.18412596633472794,0.7874856885714357,0.777627158286721,0.08980640565775293,0.00034936435652631814,1440292012485013760,AS,5,0.28677563544839346
1.9451051587301587,0.7913404761904761,0.160682113694177,0.13108947240122956,0.54,0.18412596633472794,0.7816648555384516,0.7782653353911458,0.09338818255121512,0.00046336462332112016,1440292012485013760,STV,5,0.28677563544839346
1.9928567460317461,0.7806944444444444,0.15586524942285013,0.1355072315193563,0.54,0.18412596633472794,0.8134951101633178,0.6099929436876097,0.09192436488148331,0.0004776800752151932,1440292012485013760,SSS,5,0.28677563544839346
1.9820303571428572,0.7876964285714285,0.15458638571870814,0.1355072315193563,0.54,0.18412596633472794,0.8100812160312939,0.5985260271745455,0.09361452440994367,0.0004277390947624498,1440292012485013760,MES_ExMQ,5,0.28677563544839346
1.9636781746031746,0.7525942460317461,0.15129100873934703,0.1355072315193563,0.54,0.16764908143792234,0.8022221063021755,0.6030815313235792,0.09041780426521999,0.00023867650708793187,1440292012485013760,MES_ExLR,5,0.28677563544839346
1.8590236111111107,0.8055019841269841,0.15310178622667509,0.11977631599230586,0.13,0.1857124300180766,0.8392872715985487,0.20325772086089494,0.030331465300393958,0.0009603992795864986,279044944672027840,SDV,5,0.8580348779985598
1.8850214285714284,0.8105505952380953,0.15886207122489196,0.1282613842458755,0.1975,0.1857124300180766,0.8448359502126181,0.2574301405685206,0.0332337038612135,0.000646393180266011,279044944672027840,SSQ,5,0.8580348779985598
1.8777785714285715,0.8028462301587302,0.16405663021199446,0.1282613842458755,0.4875,0.1857124300180766,0.8190113889841625,0.47811593926781987,0.034787356159773936,0.0006477539954126398,279044944672027840,AS,5,0.8580348779985598
1.839148611111111,0.8397150793650794,0.1502497825968367,0.1282613842458755,0.1275,0.17455053591890268,0.8307967526173261,0.2075959290318109,0.0259461697773805,0.0005163706356989642,279044944672027840,STV,5,0.8580348779985598
1.8460781746031747,0.7841696428571427,0.1494637531003314,0.11977631599230586,0.0175,0.1857124300180766,0.8356264718007295,0.19017189375599236,0.029968716870363555,0.001083405086702532,279044944672027840,SSS,5,0.8580348779985598
1.8171714285714284,0.7836478174603173,0.1366913807655749,0.11977631599230586,0.595,0.1857124300180766,0.7424845629813739,1.036842337459987,0.029949316029227444,0.0007673884891118432,279044944672027840,MES_ExMQ,5,0.8580348779985598
1.8639946428571428,0.834860119047619,0.1476136470807289,0.1282613842458755,0.595,0.1857124300180766,0.7550113596852819,1.1424176303756797,0.024245774506639502,0.0005466630075685809,279044944672027840,MES_ExLR,5,0.8580348779985598
2.056040277777778,0.7966696428571429,0.11260289329614574,0.053707501937500304,0.2825,0.13680910115516154,0.8715589702667919,0.7320315421060475,0.04049713938661034,0.001267299881425221,657081265076149888,SDV,5,0.8275272624451393
2.3656180555555557,0.6749712301587303,0.10935336273293014,0.053707501937500304,0.8325,0.13680910115516154,0.8490218887084665,1.8227673884646007,0.12934617050962963,0.001388586361165794,657081265076149888,SSQ,5,0.8275272624451393
2.267660714285714,0.773097619047619,0.11944630858640773,0.0879245783888102,0.2825,0.13680910115516154,0.9169965701745357,1.2422441418767771,0.06641874438794103,0.0004938474912258844,657081265076149888,AS,5,0.8275272624451393
2.3656180555555557,0.6749712301587303,0.10935336273293014,0.053707501937500304,0.8325,0.13680910115516154,0.8490218887084665,1.822767388464601,0.12934617050962963,0.0013885863611657937,657081265076149888,STV,5,0.8275272624451393
2.056040277777778,0.7966696428571429,0.11260289329614574,0.053707501937500304,0.2825,0.13680910115516154,0.8715589702667919,0.7320315421060475,0.04049713938661034,0.0012672998814252207,657081265076149888,SSS,5,0.8275272624451393
1.5400123015873015,0.8183287698412698,0.11176469959532553,0.07750628857118788,0.365,0.13680910115516154,0.6875476782145162,0.15427712855530187,0.04739233294017722,0.00071068485660422,657081265076149888,MES_ExMQ,5,0.8275272624451393
2.310040079365079,0.7339978174603174,0.12177073319602609,0.09180891784292086,0.4575,0.13680910115516154,0.9152219375266409,1.4713105038282241,0.08171262479150732,0.00038551984818200626,657081265076149888,MES_ExLR,5,0.8275272624451393
